"id","duration_(m)","max_break_(m)","break_between_blocks_(m)","practice_1","practice_2","acc_catch","mean_rt_(s)","alignment_rate","congruency_order","left_hand_color","browser","age","sex","valid_data","n"
"quake-e4f7","<span style=""     color: #9C964A !important;"" >22</span>","<span style=""     color: #9C964A !important;"" >1.671</span>","<span style=""     color: #9C964A !important;"" >0.172</span>","<span style=""     color: #9C964A !important;"" >0.9</span>","<span style=""     color: #9C964A !important;"" >0.9</span>","<span style=""     color: #9C964A !important;"" >0.969</span>","<span style=""     color: #9C964A !important;"" >2.584</span>",0.667,"IC block first","orange","<span style=""     color: #9C964A !important;"" >Chrome</span>",46,"Female",TRUE,160
"limb-09040","<span style=""     color: #85D4E3 !important;"" >48</span>","<span style=""     color: #85D4E3 !important;"" >24.466</span>","<span style=""     color: #9C964A !important;"" >0.172</span>","<span style=""     color: #9C964A !important;"" >0.7</span>","<span style=""     color: #9C964A !important;"" >0.9</span>","<span style=""     color: #9C964A !important;"" >1</span>","<span style=""     color: #9C964A !important;"" >1.984</span>",0.729,"IC block first","orange","<span style=""     color: #9C964A !important;"" >Chrome</span>",28,"Male",TRUE,159
"mule-e4dff","<span style=""     color: #9C964A !important;"" >22</span>","<span style=""     color: #9C964A !important;"" >3.116</span>","<span style=""     color: #9C964A !important;"" >3.116</span>","<span style=""     color: #9C964A !important;"" >0.8</span>","<span style=""     color: #9C964A !important;"" >0.8</span>","<span style=""     color: #9C964A !important;"" >0.906</span>","<span style=""     color: #9C964A !important;"" >1.541</span>",0.552,"IC block first","blue","<span style=""     color: #9C964A !important;"" >Firefox</span>",42,"Male",TRUE,158
"brook-3260","<span style=""     color: #9C964A !important;"" >19</span>","<span style=""     color: #9C964A !important;"" >0.753</span>","<span style=""     color: #9C964A !important;"" >0.116</span>","<span style=""     color: #9C964A !important;"" >1</span>","<span style=""     color: #9C964A !important;"" >1</span>","<span style=""     color: #9C964A !important;"" >0.938</span>","<span style=""     color: #9C964A !important;"" >1.776</span>",0.542,"IC block first","orange","<span style=""     color: #9C964A !important;"" >Chrome</span>",41,"Female",TRUE,157
"bask-22c9b","<span style=""     color: #9C964A !important;"" >23</span>","<span style=""     color: #9C964A !important;"" >0.584</span>","<span style=""     color: #9C964A !important;"" >0.322</span>","<span style=""     color: #9C964A !important;"" >1</span>","<span style=""     color: #9C964A !important;"" >1</span>","<span style=""     color: #9C964A !important;"" >1</span>","<span style=""     color: #9C964A !important;"" >2.13</span>",0.552,"C block first","blue","<span style=""     color: #9C964A !important;"" >Chrome</span>",25,"Male",TRUE,156
"shut-198bd","<span style=""     color: #9C964A !important;"" >21</span>","<span style=""     color: #9C964A !important;"" >0.797</span>","<span style=""     color: #9C964A !important;"" >0.131</span>","<span style=""     color: #9C964A !important;"" >0.9</span>","<span style=""     color: #9C964A !important;"" >1</span>","<span style=""     color: #9C964A !important;"" >0.938</span>","<span style=""     color: #9C964A !important;"" >1.995</span>",0.552,"IC block first","orange","<span style=""     color: #9C964A !important;"" >Chrome</span>",33,"Female",TRUE,155
"dingy-9ebf","<span style=""     color: #9C964A !important;"" >18</span>","<span style=""     color: #9C964A !important;"" >0.572</span>","<span style=""     color: #9C964A !important;"" >0.111</span>","<span style=""     color: #9C964A !important;"" >0.9</span>","<span style=""     color: #9C964A !important;"" >1</span>","<span style=""     color: #9C964A !important;"" >1</span>","<span style=""     color: #9C964A !important;"" >2.227</span>",0.604,"IC block first","blue","<span style=""     color: #9C964A !important;"" >Firefox</span>",36,"Female",TRUE,154
"year-c4373","<span style=""     color: #9C964A !important;"" >23</span>","<span style=""     color: #9C964A !important;"" >0.85</span>","<span style=""     color: #9C964A !important;"" >0.169</span>","<span style=""     color: #9C964A !important;"" >0.9</span>","<span style=""     color: #9C964A !important;"" >1</span>","<span style=""     color: #9C964A !important;"" >0.969</span>","<span style=""     color: #9C964A !important;"" >2.722</span>",0.51,"IC block first","blue","<span style=""     color: #9C964A !important;"" >Chrome</span>",48,"Female",TRUE,153
"mold-73946","<span style=""     color: #9C964A !important;"" >18</span>","<span style=""     color: #9C964A !important;"" >0.318</span>","<span style=""     color: #9C964A !important;"" >0.294</span>","<span style=""     color: #9C964A !important;"" >0.8</span>","<span style=""     color: #9C964A !important;"" >1</span>","<span style=""     color: #9C964A !important;"" >1</span>","<span style=""     color: #9C964A !important;"" >1.706</span>",0.562,"IC block first","blue","<span style=""     color: #9C964A !important;"" >Firefox</span>",34,"Female",TRUE,152
"graph-cf06","<span style=""     color: #9C964A !important;"" >23</span>","<span style=""     color: #9C964A !important;"" >1.832</span>","<span style=""     color: #9C964A !important;"" >1.832</span>","<span style=""     color: #9C964A !important;"" >0.8</span>","<span style=""     color: #9C964A !important;"" >1</span>","<span style=""     color: #9C964A !important;"" >1</span>","<span style=""     color: #9C964A !important;"" >2.245</span>",0.729,"IC block first","blue","<span style=""     color: #9C964A !important;"" >Chrome</span>",42,"Male",TRUE,151
"agile-560e","<span style=""     color: #9C964A !important;"" >34</span>","<span style=""     color: #9C964A !important;"" >1.697</span>","<span style=""     color: #9C964A !important;"" >1.405</span>","<span style=""     color: #9C964A !important;"" >1</span>","<span style=""     color: #9C964A !important;"" >0.9</span>","<span style=""     color: #9C964A !important;"" >0.906</span>","<span style=""     color: #9C964A !important;"" >1.135</span>",0.677,"C block first","orange","<span style=""     color: #85D4E3 !important;"" >other</span>",25,"Male",TRUE,150
"flint-82a5","<span style=""     color: #9C964A !important;"" >20</span>","<span style=""     color: #9C964A !important;"" >1.13</span>","<span style=""     color: #9C964A !important;"" >0.495</span>","<span style=""     color: #9C964A !important;"" >0.9</span>","<span style=""     color: #9C964A !important;"" >0.7</span>","<span style=""     color: #9C964A !important;"" >0.906</span>","<span style=""     color: #9C964A !important;"" >1.734</span>",0.458,"IC block first","orange","<span style=""     color: #9C964A !important;"" >Chrome</span>",23,"Female",TRUE,149
"virus-d8ee","<span style=""     color: #9C964A !important;"" >31</span>","<span style=""     color: #9C964A !important;"" >3.558</span>","<span style=""     color: #9C964A !important;"" >2.724</span>","<span style=""     color: #9C964A !important;"" >0.9</span>","<span style=""     color: #9C964A !important;"" >1</span>","<span style=""     color: #9C964A !important;"" >1</span>","<span style=""     color: #9C964A !important;"" >2.785</span>",0.729,"C block first","orange","<span style=""     color: #9C964A !important;"" >Chrome</span>",47,"Male",TRUE,148
"pond-d0f7f","<span style=""     color: #9C964A !important;"" >21</span>","<span style=""     color: #9C964A !important;"" >0.706</span>","<span style=""     color: #9C964A !important;"" >0.143</span>","<span style=""     color: #9C964A !important;"" >1</span>","<span style=""     color: #9C964A !important;"" >1</span>","<span style=""     color: #9C964A !important;"" >0.938</span>","<span style=""     color: #9C964A !important;"" >3.353</span>",0.521,"C block first","blue","<span style=""     color: #9C964A !important;"" >Chrome</span>",30,"Male",TRUE,147
"upper-a5b8","<span style=""     color: #9C964A !important;"" >19</span>","<span style=""     color: #9C964A !important;"" >0.68</span>","<span style=""     color: #9C964A !important;"" >0.129</span>","<span style=""     color: #9C964A !important;"" >1</span>","<span style=""     color: #9C964A !important;"" >1</span>","<span style=""     color: #9C964A !important;"" >0.938</span>","<span style=""     color: #9C964A !important;"" >1.485</span>",0.635,"IC block first","orange","<span style=""     color: #9C964A !important;"" >Chrome</span>",20,"Female",TRUE,146
"foe-2d5a80","<span style=""     color: #9C964A !important;"" >24</span>","<span style=""     color: #85D4E3 !important;"" >5.956</span>","<span style=""     color: #9C964A !important;"" >0.114</span>","<span style=""     color: #9C964A !important;"" >1</span>","<span style=""     color: #9C964A !important;"" >1</span>","<span style=""     color: #9C964A !important;"" >0.969</span>","<span style=""     color: #9C964A !important;"" >2.213</span>",0.594,"C block first","orange","<span style=""     color: #9C964A !important;"" >Chrome</span>",27,"Male",TRUE,145
"clamp-86c4","<span style=""     color: #9C964A !important;"" >24</span>","<span style=""     color: #9C964A !important;"" >1.765</span>","<span style=""     color: #9C964A !important;"" >0.296</span>","<span style=""     color: #9C964A !important;"" >0.6</span>","<span style=""     color: #9C964A !important;"" >1</span>","<span style=""     color: #9C964A !important;"" >0.875</span>","<span style=""     color: #9C964A !important;"" >2.224</span>",0.5,"IC block first","orange","<span style=""     color: #9C964A !important;"" >Chrome</span>",27,"Female",TRUE,144
"urban-1ade","<span style=""     color: #9C964A !important;"" >19</span>","<span style=""     color: #9C964A !important;"" >0.733</span>","<span style=""     color: #9C964A !important;"" >0.22</span>","<span style=""     color: #9C964A !important;"" >0.9</span>","<span style=""     color: #9C964A !important;"" >1</span>","<span style=""     color: #9C964A !important;"" >1</span>","<span style=""     color: #9C964A !important;"" >2.557</span>",0.615,"C block first","orange","<span style=""     color: #9C964A !important;"" >Chrome</span>",33,"Male",TRUE,143
"alibi-d432","<span style=""     color: #9C964A !important;"" >19</span>","<span style=""     color: #9C964A !important;"" >0.686</span>","<span style=""     color: #9C964A !important;"" >0.211</span>","<span style=""     color: #9C964A !important;"" >1</span>","<span style=""     color: #9C964A !important;"" >1</span>","<span style=""     color: #9C964A !important;"" >1</span>","<span style=""     color: #9C964A !important;"" >2.478</span>",0.51,"IC block first","blue","<span style=""     color: #9C964A !important;"" >Chrome</span>",32,"Male",TRUE,142
"flaky-335c","<span style=""     color: #9C964A !important;"" >31</span>","<span style=""     color: #9C964A !important;"" >2.491</span>","<span style=""     color: #9C964A !important;"" >0.707</span>","<span style=""     color: #9C964A !important;"" >1</span>","<span style=""     color: #9C964A !important;"" >1</span>","<span style=""     color: #9C964A !important;"" >1</span>","<span style=""     color: #9C964A !important;"" >2.571</span>",0.51,"C block first","blue","<span style=""     color: #9C964A !important;"" >Chrome</span>",33,"Female",TRUE,141
"lake-bf864","<span style=""     color: #9C964A !important;"" >19</span>","<span style=""     color: #9C964A !important;"" >0.62</span>","<span style=""     color: #9C964A !important;"" >0.264</span>","<span style=""     color: #9C964A !important;"" >1</span>","<span style=""     color: #9C964A !important;"" >1</span>","<span style=""     color: #9C964A !important;"" >0.969</span>","<span style=""     color: #9C964A !important;"" >1.309</span>",0.531,"IC block first","blue","<span style=""     color: #9C964A !important;"" >Chrome</span>",21,"Male",TRUE,140
"swear-6821","<span style=""     color: #9C964A !important;"" >30</span>","<span style=""     color: #9C964A !important;"" >1.216</span>","<span style=""     color: #9C964A !important;"" >0.646</span>","<span style=""     color: #9C964A !important;"" >1</span>","<span style=""     color: #9C964A !important;"" >0.9</span>","<span style=""     color: #9C964A !important;"" >0.875</span>","<span style=""     color: #9C964A !important;"" >1.337</span>",0.667,"IC block first","blue","<span style=""     color: #9C964A !important;"" >Firefox</span>",29,"Male",TRUE,139
"muse-a3d43","<span style=""     color: #9C964A !important;"" >23</span>","<span style=""     color: #9C964A !important;"" >1.69</span>","<span style=""     color: #9C964A !important;"" >1.69</span>","<span style=""     color: #9C964A !important;"" >1</span>","<span style=""     color: #9C964A !important;"" >0.9</span>","<span style=""     color: #9C964A !important;"" >0.938</span>","<span style=""     color: #9C964A !important;"" >2.299</span>",0.448,"C block first","orange","<span style=""     color: #9C964A !important;"" >Chrome</span>",24,"Male",TRUE,138
"broad-1cb7","<span style=""     color: #9C964A !important;"" >20</span>","<span style=""     color: #9C964A !important;"" >0.536</span>","<span style=""     color: #9C964A !important;"" >0.297</span>","<span style=""     color: #9C964A !important;"" >0.8</span>","<span style=""     color: #9C964A !important;"" >0.8</span>","<span style=""     color: #9C964A !important;"" >0.906</span>","<span style=""     color: #9C964A !important;"" >1.311</span>",0.917,"IC block first","orange","<span style=""     color: #9C964A !important;"" >Chrome</span>",29,"Female",TRUE,137
"same-7fe4d","<span style=""     color: #9C964A !important;"" >19</span>","<span style=""     color: #9C964A !important;"" >0.692</span>","<span style=""     color: #9C964A !important;"" >0.278</span>","<span style=""     color: #9C964A !important;"" >0.9</span>","<span style=""     color: #9C964A !important;"" >1</span>","<span style=""     color: #9C964A !important;"" >0.969</span>","<span style=""     color: #9C964A !important;"" >1.485</span>",0.552,"C block first","blue","<span style=""     color: #9C964A !important;"" >Chrome</span>",20,"Female",TRUE,136
"dean-34a3b","<span style=""     color: #9C964A !important;"" >34</span>","<span style=""     color: #85D4E3 !important;"" >6.548</span>","<span style=""     color: #85D4E3 !important;"" >6.548</span>","<span style=""     color: #9C964A !important;"" >0.9</span>","<span style=""     color: #9C964A !important;"" >0.9</span>","<span style=""     color: #9C964A !important;"" >1</span>","<span style=""     color: #9C964A !important;"" >3.588</span>",0.594,"IC block first","orange","<span style=""     color: #9C964A !important;"" >Chrome</span>",21,"Male",TRUE,135
"alias-657e","<span style=""     color: #9C964A !important;"" >19</span>","<span style=""     color: #9C964A !important;"" >0.472</span>","<span style=""     color: #9C964A !important;"" >0.472</span>","<span style=""     color: #9C964A !important;"" >1</span>","<span style=""     color: #9C964A !important;"" >1</span>","<span style=""     color: #9C964A !important;"" >0.938</span>","<span style=""     color: #9C964A !important;"" >1.66</span>",0.562,"C block first","blue","<span style=""     color: #9C964A !important;"" >Chrome</span>",19,"Female",TRUE,134
"lift-ff297","<span style=""     color: #9C964A !important;"" >21</span>","<span style=""     color: #9C964A !important;"" >0.363</span>","<span style=""     color: #9C964A !important;"" >0.18</span>","<span style=""     color: #9C964A !important;"" >0.9</span>","<span style=""     color: #9C964A !important;"" >1</span>","<span style=""     color: #9C964A !important;"" >0.969</span>","<span style=""     color: #9C964A !important;"" >3.048</span>",0.312,"C block first","orange","<span style=""     color: #9C964A !important;"" >Firefox</span>",28,"Male",TRUE,133
"poise-2486","<span style=""     color: #9C964A !important;"" >24</span>","<span style=""     color: #9C964A !important;"" >0.605</span>","<span style=""     color: #9C964A !important;"" >0.153</span>","<span style=""     color: #9C964A !important;"" >0.9</span>","<span style=""     color: #9C964A !important;"" >0.9</span>","<span style=""     color: #9C964A !important;"" >1</span>","<span style=""     color: #9C964A !important;"" >2.419</span>",0.562,"IC block first","blue","<span style=""     color: #9C964A !important;"" >Chrome</span>",46,"Male",TRUE,132
"wafer-38de","<span style=""     color: #9C964A !important;"" >19</span>","<span style=""     color: #9C964A !important;"" >0.687</span>","<span style=""     color: #9C964A !important;"" >0.687</span>","<span style=""     color: #9C964A !important;"" >0.9</span>","<span style=""     color: #9C964A !important;"" >1</span>","<span style=""     color: #9C964A !important;"" >0.906</span>","<span style=""     color: #9C964A !important;"" >1.391</span>",0.521,"C block first","orange","<span style=""     color: #9C964A !important;"" >Firefox</span>",38,"Male",TRUE,131
"stain-64ad","<span style=""     color: #9C964A !important;"" >23</span>","<span style=""     color: #9C964A !important;"" >1.003</span>","<span style=""     color: #9C964A !important;"" >0.162</span>","<span style=""     color: #9C964A !important;"" >1</span>","<span style=""     color: #9C964A !important;"" >1</span>","<span style=""     color: #9C964A !important;"" >1</span>","<span style=""     color: #9C964A !important;"" >3.734</span>",0.438,"IC block first","orange","<span style=""     color: #9C964A !important;"" >Chrome</span>",52,"Female",TRUE,130
"chute-f7dd","<span style=""     color: #9C964A !important;"" >18</span>","<span style=""     color: #9C964A !important;"" >0.209</span>","<span style=""     color: #9C964A !important;"" >0.118</span>","<span style=""     color: #9C964A !important;"" >0.9</span>","<span style=""     color: #9C964A !important;"" >0.8</span>","<span style=""     color: #9C964A !important;"" >0.875</span>","<span style=""     color: #9C964A !important;"" >0.888</span>",0.448,"C block first","blue","<span style=""     color: #9C964A !important;"" >Chrome</span>",20,"Female",TRUE,129
"tasty-02d7","<span style=""     color: #9C964A !important;"" >20</span>","<span style=""     color: #9C964A !important;"" >1.351</span>","<span style=""     color: #9C964A !important;"" >1.351</span>","<span style=""     color: #9C964A !important;"" >1</span>","<span style=""     color: #9C964A !important;"" >1</span>","<span style=""     color: #9C964A !important;"" >0.969</span>","<span style=""     color: #9C964A !important;"" >1.039</span>",0.625,"IC block first","blue","<span style=""     color: #9C964A !important;"" >Firefox</span>",23,"Female",TRUE,128
"skew-53c7e","<span style=""     color: #9C964A !important;"" >19</span>","<span style=""     color: #9C964A !important;"" >0.484</span>","<span style=""     color: #9C964A !important;"" >0.156</span>","<span style=""     color: #9C964A !important;"" >0.8</span>","<span style=""     color: #9C964A !important;"" >0.8</span>","<span style=""     color: #9C964A !important;"" >0.875</span>","<span style=""     color: #9C964A !important;"" >0.979</span>",0.5,"C block first","blue","<span style=""     color: #9C964A !important;"" >Chrome</span>",31,"Female",TRUE,127
"wise-a514a","<span style=""     color: #9C964A !important;"" >19</span>","<span style=""     color: #9C964A !important;"" >0.803</span>","<span style=""     color: #9C964A !important;"" >0.12</span>","<span style=""     color: #9C964A !important;"" >1</span>","<span style=""     color: #9C964A !important;"" >0.9</span>","<span style=""     color: #9C964A !important;"" >0.969</span>","<span style=""     color: #9C964A !important;"" >2.286</span>",0.573,"C block first","blue","<span style=""     color: #9C964A !important;"" >Chrome</span>",40,"Female",TRUE,126
"boots-7fd7","<span style=""     color: #9C964A !important;"" >20</span>","<span style=""     color: #9C964A !important;"" >1.366</span>","<span style=""     color: #9C964A !important;"" >1.366</span>","<span style=""     color: #9C964A !important;"" >1</span>","<span style=""     color: #9C964A !important;"" >1</span>","<span style=""     color: #9C964A !important;"" >1</span>","<span style=""     color: #9C964A !important;"" >2.869</span>",0.531,"IC block first","orange","<span style=""     color: #9C964A !important;"" >Chrome</span>",30,"Male",TRUE,125
"chef-15c89","<span style=""     color: #9C964A !important;"" >19</span>","<span style=""     color: #9C964A !important;"" >0.723</span>","<span style=""     color: #9C964A !important;"" >0.482</span>","<span style=""     color: #9C964A !important;"" >0.9</span>","<span style=""     color: #9C964A !important;"" >0.9</span>","<span style=""     color: #9C964A !important;"" >0.781</span>","<span style=""     color: #9C964A !important;"" >0.935</span>",0.5,"C block first","orange","<span style=""     color: #9C964A !important;"" >Chrome</span>",23,"Female",TRUE,124
"froth-ac60","<span style=""     color: #9C964A !important;"" >20</span>","<span style=""     color: #9C964A !important;"" >0.706</span>","<span style=""     color: #9C964A !important;"" >0.312</span>","<span style=""     color: #9C964A !important;"" >1</span>","<span style=""     color: #9C964A !important;"" >1</span>","<span style=""     color: #9C964A !important;"" >1</span>","<span style=""     color: #9C964A !important;"" >1.71</span>",0.49,"IC block first","blue","<span style=""     color: #9C964A !important;"" >Chrome</span>",30,"Male",TRUE,123
"slug-50707","<span style=""     color: #9C964A !important;"" >23</span>","<span style=""     color: #9C964A !important;"" >1.077</span>","<span style=""     color: #9C964A !important;"" >0.977</span>","<span style=""     color: #9C964A !important;"" >1</span>","<span style=""     color: #9C964A !important;"" >0.9</span>","<span style=""     color: #9C964A !important;"" >1</span>","<span style=""     color: #9C964A !important;"" >2.271</span>",0.635,"C block first","blue","<span style=""     color: #9C964A !important;"" >Firefox</span>",34,"Male",TRUE,122
"trunk-0d62","<span style=""     color: #9C964A !important;"" >20</span>","<span style=""     color: #9C964A !important;"" >0.466</span>","<span style=""     color: #9C964A !important;"" >0.117</span>","<span style=""     color: #9C964A !important;"" >0.9</span>","<span style=""     color: #9C964A !important;"" >1</span>","<span style=""     color: #9C964A !important;"" >0.906</span>","<span style=""     color: #9C964A !important;"" >2.764</span>",0.458,"IC block first","orange","<span style=""     color: #9C964A !important;"" >Firefox</span>",55,"Female",TRUE,121
"twist-f84c","<span style=""     color: #9C964A !important;"" >19</span>","<span style=""     color: #9C964A !important;"" >0.739</span>","<span style=""     color: #9C964A !important;"" >0.107</span>","<span style=""     color: #9C964A !important;"" >1</span>","<span style=""     color: #9C964A !important;"" >1</span>","<span style=""     color: #9C964A !important;"" >1</span>","<span style=""     color: #9C964A !important;"" >2.094</span>",0.594,"IC block first","orange","<span style=""     color: #9C964A !important;"" >Chrome</span>",22,"Male",TRUE,120
"mouth-3c64","<span style=""     color: #9C964A !important;"" >21</span>","<span style=""     color: #9C964A !important;"" >3.275</span>","<span style=""     color: #9C964A !important;"" >0.116</span>","<span style=""     color: #9C964A !important;"" >0.8</span>","<span style=""     color: #9C964A !important;"" >1</span>","<span style=""     color: #9C964A !important;"" >0.969</span>","<span style=""     color: #9C964A !important;"" >1.464</span>",0.594,"IC block first","orange","<span style=""     color: #9C964A !important;"" >Firefox</span>",30,"Female",TRUE,119
"syrup-22af","<span style=""     color: #9C964A !important;"" >31</span>","<span style=""     color: #9C964A !important;"" >4.293</span>","<span style=""     color: #9C964A !important;"" >0.749</span>","<span style=""     color: #9C964A !important;"" >0.8</span>","<span style=""     color: #9C964A !important;"" >1</span>","<span style=""     color: #9C964A !important;"" >0.938</span>","<span style=""     color: #9C964A !important;"" >2.866</span>",0.573,"C block first","orange","<span style=""     color: #9C964A !important;"" >Chrome</span>",29,"Male",TRUE,118
"map-93ac64","<span style=""     color: #9C964A !important;"" >25</span>","<span style=""     color: #9C964A !important;"" >0.926</span>","<span style=""     color: #9C964A !important;"" >0.75</span>","<span style=""     color: #9C964A !important;"" >0.8</span>","<span style=""     color: #9C964A !important;"" >1</span>","<span style=""     color: #9C964A !important;"" >0.969</span>","<span style=""     color: #972D15 !important;"" >4.263</span>",0.469,"IC block first","blue","<span style=""     color: #9C964A !important;"" >Chrome</span>",41,"Male",FALSE,117
"neon-466a9","<span style=""     color: #9C964A !important;"" >18</span>","<span style=""     color: #9C964A !important;"" >0.505</span>","<span style=""     color: #9C964A !important;"" >0.125</span>","<span style=""     color: #9C964A !important;"" >1</span>","<span style=""     color: #9C964A !important;"" >1</span>","<span style=""     color: #9C964A !important;"" >0.969</span>","<span style=""     color: #9C964A !important;"" >2.357</span>",0.49,"IC block first","orange","<span style=""     color: #9C964A !important;"" >Chrome</span>",24,"Female",TRUE,116
"dress-d3b0","<span style=""     color: #9C964A !important;"" >30</span>","<span style=""     color: #9C964A !important;"" >4.121</span>","<span style=""     color: #9C964A !important;"" >0.256</span>","<span style=""     color: #85D4E3 !important;"" >0.5</span>","<span style=""     color: #9C964A !important;"" >0.8</span>","<span style=""     color: #9C964A !important;"" >0.938</span>","<span style=""     color: #9C964A !important;"" >1.371</span>",0.667,"C block first","blue","<span style=""     color: #9C964A !important;"" >Chrome</span>",27,"Female",TRUE,115
"clean-6fcb","<span style=""     color: #9C964A !important;"" >20</span>","<span style=""     color: #9C964A !important;"" >1.038</span>","<span style=""     color: #9C964A !important;"" >1.038</span>","<span style=""     color: #9C964A !important;"" >0.8</span>","<span style=""     color: #9C964A !important;"" >1</span>","<span style=""     color: #9C964A !important;"" >1</span>","<span style=""     color: #9C964A !important;"" >2.302</span>",0.75,"IC block first","orange","<span style=""     color: #9C964A !important;"" >Chrome</span>",25,"Female",TRUE,114
"haven-46cc","<span style=""     color: #9C964A !important;"" >29</span>","<span style=""     color: #85D4E3 !important;"" >5.329</span>","<span style=""     color: #9C964A !important;"" >1.626</span>","<span style=""     color: #9C964A !important;"" >0.9</span>","<span style=""     color: #9C964A !important;"" >0.9</span>","<span style=""     color: #9C964A !important;"" >0.969</span>","<span style=""     color: #9C964A !important;"" >2.162</span>",0.698,"IC block first","orange","<span style=""     color: #9C964A !important;"" >Chrome</span>",31,"Female",TRUE,113
"jumbo-5699","<span style=""     color: #9C964A !important;"" >20</span>","<span style=""     color: #9C964A !important;"" >0.365</span>","<span style=""     color: #9C964A !important;"" >0.108</span>","<span style=""     color: #9C964A !important;"" >0.8</span>","<span style=""     color: #9C964A !important;"" >1</span>","<span style=""     color: #9C964A !important;"" >0.969</span>","<span style=""     color: #9C964A !important;"" >2.028</span>",0.698,"C block first","blue","<span style=""     color: #85D4E3 !important;"" >Edge</span>",33,"Male",TRUE,112
"ebony-c1ba","<span style=""     color: #9C964A !important;"" >20</span>","<span style=""     color: #9C964A !important;"" >0.507</span>","<span style=""     color: #9C964A !important;"" >0.507</span>","<span style=""     color: #9C964A !important;"" >0.7</span>","<span style=""     color: #9C964A !important;"" >1</span>","<span style=""     color: #9C964A !important;"" >0.938</span>","<span style=""     color: #9C964A !important;"" >1.604</span>",0.625,"IC block first","orange","<span style=""     color: #9C964A !important;"" >Firefox</span>",32,"Male",TRUE,111
"query-73b2","<span style=""     color: #9C964A !important;"" >19</span>","<span style=""     color: #9C964A !important;"" >0.495</span>","<span style=""     color: #9C964A !important;"" >0.123</span>","<span style=""     color: #9C964A !important;"" >1</span>","<span style=""     color: #9C964A !important;"" >1</span>","<span style=""     color: #9C964A !important;"" >1</span>","<span style=""     color: #9C964A !important;"" >2.695</span>",0.531,"C block first","orange","<span style=""     color: #9C964A !important;"" >Chrome</span>",39,"Male",TRUE,110
"spend-462d","<span style=""     color: #9C964A !important;"" >22</span>","<span style=""     color: #9C964A !important;"" >1.123</span>","<span style=""     color: #9C964A !important;"" >0.247</span>","<span style=""     color: #9C964A !important;"" >0.9</span>","<span style=""     color: #9C964A !important;"" >1</span>","<span style=""     color: #9C964A !important;"" >1</span>","<span style=""     color: #9C964A !important;"" >2.376</span>",0.583,"C block first","orange","<span style=""     color: #9C964A !important;"" >Chrome</span>",26,"Female",TRUE,109
"pug-ee4316","<span style=""     color: #9C964A !important;"" >20</span>","<span style=""     color: #9C964A !important;"" >0.671</span>","<span style=""     color: #9C964A !important;"" >0.137</span>","<span style=""     color: #9C964A !important;"" >0.8</span>","<span style=""     color: #9C964A !important;"" >1</span>","<span style=""     color: #972D15 !important;"" >0.719</span>","<span style=""     color: #9C964A !important;"" >2.494</span>",0.521,"C block first","blue","<span style=""     color: #9C964A !important;"" >Chrome</span>",26,"Male",FALSE,108
"think-472c","<span style=""     color: #9C964A !important;"" >20</span>","<span style=""     color: #9C964A !important;"" >1.298</span>","<span style=""     color: #9C964A !important;"" >0.675</span>","<span style=""     color: #9C964A !important;"" >1</span>","<span style=""     color: #9C964A !important;"" >1</span>","<span style=""     color: #9C964A !important;"" >0.969</span>","<span style=""     color: #9C964A !important;"" >1.752</span>",0.583,"IC block first","blue","<span style=""     color: #9C964A !important;"" >Firefox</span>",30,"Male",TRUE,107
"vapor-a952","<span style=""     color: #9C964A !important;"" >18</span>","<span style=""     color: #9C964A !important;"" >0.435</span>","<span style=""     color: #9C964A !important;"" >0.435</span>","<span style=""     color: #9C964A !important;"" >1</span>","<span style=""     color: #9C964A !important;"" >1</span>","<span style=""     color: #9C964A !important;"" >1</span>","<span style=""     color: #9C964A !important;"" >2.077</span>",0.531,"IC block first","blue","<span style=""     color: #9C964A !important;"" >Chrome</span>",24,"Female",TRUE,106
"stash-5071","<span style=""     color: #9C964A !important;"" >20</span>","<span style=""     color: #9C964A !important;"" >0.46</span>","<span style=""     color: #9C964A !important;"" >0.106</span>","<span style=""     color: #9C964A !important;"" >1</span>","<span style=""     color: #9C964A !important;"" >0.9</span>","<span style=""     color: #9C964A !important;"" >1</span>","<span style=""     color: #9C964A !important;"" >1.339</span>",0.562,"C block first","blue","<span style=""     color: #9C964A !important;"" >Chrome</span>",25,"Male",TRUE,105
"dance-5437","<span style=""     color: #9C964A !important;"" >18</span>","<span style=""     color: #9C964A !important;"" >0.513</span>","<span style=""     color: #9C964A !important;"" >0.149</span>","<span style=""     color: #9C964A !important;"" >0.8</span>","<span style=""     color: #9C964A !important;"" >1</span>","<span style=""     color: #9C964A !important;"" >0.969</span>","<span style=""     color: #9C964A !important;"" >1.713</span>",0.729,"IC block first","orange","<span style=""     color: #9C964A !important;"" >Chrome</span>",27,"Male",TRUE,104
"grid-de8d8","<span style=""     color: #9C964A !important;"" >20</span>","<span style=""     color: #9C964A !important;"" >0.772</span>","<span style=""     color: #9C964A !important;"" >0.122</span>","<span style=""     color: #9C964A !important;"" >1</span>","<span style=""     color: #9C964A !important;"" >0.9</span>","<span style=""     color: #9C964A !important;"" >0.812</span>","<span style=""     color: #9C964A !important;"" >1.64</span>",0.521,"IC block first","orange","<span style=""     color: #85D4E3 !important;"" >other</span>",21,"Male",TRUE,103
"trial-c7bb","<span style=""     color: #9C964A !important;"" >22</span>","<span style=""     color: #9C964A !important;"" >0.846</span>","<span style=""     color: #9C964A !important;"" >0.155</span>","<span style=""     color: #9C964A !important;"" >0.9</span>","<span style=""     color: #9C964A !important;"" >1</span>","<span style=""     color: #9C964A !important;"" >1</span>","<span style=""     color: #9C964A !important;"" >3.436</span>",0.688,"C block first","blue","<span style=""     color: #9C964A !important;"" >Firefox</span>",61,"Female",TRUE,102
"graph-80e3","<span style=""     color: #9C964A !important;"" >19</span>","<span style=""     color: #9C964A !important;"" >0.654</span>","<span style=""     color: #9C964A !important;"" >0.397</span>","<span style=""     color: #9C964A !important;"" >0.9</span>","<span style=""     color: #9C964A !important;"" >0.9</span>","<span style=""     color: #9C964A !important;"" >0.906</span>","<span style=""     color: #9C964A !important;"" >1.619</span>",0.552,"IC block first","blue","<span style=""     color: #9C964A !important;"" >Chrome</span>",19,"Male",TRUE,101
"lash-8b0fa","<span style=""     color: #9C964A !important;"" >20</span>","<span style=""     color: #9C964A !important;"" >0.6</span>","<span style=""     color: #9C964A !important;"" >0.171</span>","<span style=""     color: #9C964A !important;"" >0.8</span>","<span style=""     color: #9C964A !important;"" >1</span>","<span style=""     color: #9C964A !important;"" >1</span>","<span style=""     color: #9C964A !important;"" >3.082</span>",0.688,"C block first","blue","<span style=""     color: #9C964A !important;"" >Firefox</span>",63,"Female",TRUE,100
"prune-a840","<span style=""     color: #9C964A !important;"" >20</span>","<span style=""     color: #9C964A !important;"" >0.947</span>","<span style=""     color: #9C964A !important;"" >0.2</span>","<span style=""     color: #9C964A !important;"" >1</span>","<span style=""     color: #9C964A !important;"" >1</span>","<span style=""     color: #9C964A !important;"" >0.969</span>","<span style=""     color: #9C964A !important;"" >2.324</span>",0.458,"C block first","orange","<span style=""     color: #9C964A !important;"" >Firefox</span>",43,"Female",TRUE,99
"lyric-9452","<span style=""     color: #9C964A !important;"" >30</span>","<span style=""     color: #9C964A !important;"" >1.635</span>","<span style=""     color: #9C964A !important;"" >0.133</span>","<span style=""     color: #9C964A !important;"" >0.9</span>","<span style=""     color: #9C964A !important;"" >0.8</span>","<span style=""     color: #9C964A !important;"" >0.844</span>","<span style=""     color: #9C964A !important;"" >1.145</span>",0.438,"IC block first","orange","<span style=""     color: #9C964A !important;"" >Chrome</span>",36,"Male",TRUE,98
"islam-1248","<span style=""     color: #85D4E3 !important;"" >39</span>","<span style=""     color: #85D4E3 !important;"" >19.809</span>","<span style=""     color: #85D4E3 !important;"" >19.809</span>","<span style=""     color: #9C964A !important;"" >1</span>","<span style=""     color: #9C964A !important;"" >0.9</span>","<span style=""     color: #9C964A !important;"" >1</span>","<span style=""     color: #9C964A !important;"" >2.555</span>",0.521,"IC block first","orange","<span style=""     color: #85D4E3 !important;"" >Edge</span>",20,"Male",TRUE,97
"slimy-93fd","<span style=""     color: #9C964A !important;"" >24</span>","<span style=""     color: #9C964A !important;"" >2.486</span>","<span style=""     color: #9C964A !important;"" >1.205</span>","<span style=""     color: #9C964A !important;"" >1</span>","<span style=""     color: #9C964A !important;"" >1</span>","<span style=""     color: #9C964A !important;"" >1</span>","<span style=""     color: #9C964A !important;"" >1.908</span>",0.719,"C block first","blue","<span style=""     color: #9C964A !important;"" >Chrome</span>",45,"Male",TRUE,96
"rise-ab5ac","<span style=""     color: #9C964A !important;"" >20</span>","<span style=""     color: #9C964A !important;"" >0.537</span>","<span style=""     color: #9C964A !important;"" >0.288</span>","<span style=""     color: #9C964A !important;"" >0.9</span>","<span style=""     color: #9C964A !important;"" >0.9</span>","<span style=""     color: #9C964A !important;"" >0.969</span>","<span style=""     color: #9C964A !important;"" >1.514</span>",0.5,"C block first","blue","<span style=""     color: #9C964A !important;"" >Chrome</span>",31,"Male",TRUE,95
"bunch-6ae6","<span style=""     color: #9C964A !important;"" >20</span>","<span style=""     color: #9C964A !important;"" >0.763</span>","<span style=""     color: #9C964A !important;"" >0.339</span>","<span style=""     color: #9C964A !important;"" >1</span>","<span style=""     color: #9C964A !important;"" >1</span>","<span style=""     color: #9C964A !important;"" >1</span>","<span style=""     color: #9C964A !important;"" >3.045</span>",0.688,"IC block first","orange","<span style=""     color: #9C964A !important;"" >Firefox</span>",54,"Male",TRUE,94
"giver-5490","<span style=""     color: #9C964A !important;"" >24</span>","<span style=""     color: #9C964A !important;"" >1.805</span>","<span style=""     color: #9C964A !important;"" >1.05</span>","<span style=""     color: #9C964A !important;"" >0.9</span>","<span style=""     color: #9C964A !important;"" >1</span>","<span style=""     color: #9C964A !important;"" >0.844</span>","<span style=""     color: #9C964A !important;"" >1.181</span>",0.646,"IC block first","blue","<span style=""     color: #9C964A !important;"" >Chrome</span>",46,"Female",TRUE,93
"hazy-e6a48","<span style=""     color: #9C964A !important;"" >20</span>","<span style=""     color: #9C964A !important;"" >0.639</span>","<span style=""     color: #9C964A !important;"" >0.632</span>","<span style=""     color: #9C964A !important;"" >0.9</span>","<span style=""     color: #9C964A !important;"" >1</span>","<span style=""     color: #9C964A !important;"" >1</span>","<span style=""     color: #9C964A !important;"" >1.635</span>",0.667,"IC block first","orange","<span style=""     color: #9C964A !important;"" >Chrome</span>",25,"Female",TRUE,92
"snort-9c92","<span style=""     color: #9C964A !important;"" >20</span>","<span style=""     color: #9C964A !important;"" >0.838</span>","<span style=""     color: #9C964A !important;"" >0.838</span>","<span style=""     color: #9C964A !important;"" >0.9</span>","<span style=""     color: #9C964A !important;"" >1</span>","<span style=""     color: #9C964A !important;"" >0.938</span>","<span style=""     color: #9C964A !important;"" >1.406</span>",0.604,"IC block first","blue","<span style=""     color: #9C964A !important;"" >Chrome</span>",28,"Female",TRUE,91
"aloe-b5618","<span style=""     color: #85D4E3 !important;"" >47</span>","<span style=""     color: #85D4E3 !important;"" >24.434</span>","<span style=""     color: #9C964A !important;"" >0.147</span>","<span style=""     color: #9C964A !important;"" >1</span>","<span style=""     color: #9C964A !important;"" >1</span>","<span style=""     color: #9C964A !important;"" >0.938</span>","<span style=""     color: #9C964A !important;"" >1.548</span>",0.625,"IC block first","orange","<span style=""     color: #9C964A !important;"" >Firefox</span>",19,"Female",TRUE,90
"stir-dd421","<span style=""     color: #9C964A !important;"" >21</span>","<span style=""     color: #9C964A !important;"" >1.691</span>","<span style=""     color: #9C964A !important;"" >0.762</span>","<span style=""     color: #9C964A !important;"" >1</span>","<span style=""     color: #9C964A !important;"" >0.8</span>","<span style=""     color: #9C964A !important;"" >0.938</span>","<span style=""     color: #9C964A !important;"" >1.742</span>",0.698,"C block first","blue","<span style=""     color: #9C964A !important;"" >Chrome</span>",44,"Male",TRUE,89
"blimp-311e","<span style=""     color: #85D4E3 !important;"" >46</span>","<span style=""     color: #9C964A !important;"" >0.611</span>","<span style=""     color: #9C964A !important;"" >0.178</span>","<span style=""     color: #9C964A !important;"" >0.9</span>","<span style=""     color: #9C964A !important;"" >1</span>","<span style=""     color: #9C964A !important;"" >0.812</span>","<span style=""     color: #9C964A !important;"" >2.372</span>",0.51,"IC block first","orange","<span style=""     color: #9C964A !important;"" >Chrome</span>",34,"Male",TRUE,88
"poser-d50b","<span style=""     color: #9C964A !important;"" >20</span>","<span style=""     color: #9C964A !important;"" >0.819</span>","<span style=""     color: #9C964A !important;"" >0.111</span>","<span style=""     color: #9C964A !important;"" >0.8</span>","<span style=""     color: #9C964A !important;"" >1</span>","<span style=""     color: #9C964A !important;"" >1</span>","<span style=""     color: #9C964A !important;"" >2.451</span>",0.792,"IC block first","orange","<span style=""     color: #9C964A !important;"" >Firefox</span>",36,"Male",TRUE,87
"photo-32d1","<span style=""     color: #9C964A !important;"" >18</span>","<span style=""     color: #9C964A !important;"" >0.521</span>","<span style=""     color: #9C964A !important;"" >0.354</span>","<span style=""     color: #9C964A !important;"" >1</span>","<span style=""     color: #9C964A !important;"" >0.9</span>","<span style=""     color: #9C964A !important;"" >1</span>","<span style=""     color: #9C964A !important;"" >1.401</span>",0.698,"IC block first","blue","<span style=""     color: #9C964A !important;"" >Chrome</span>",20,"Male",TRUE,86
"motor-586c","<span style=""     color: #9C964A !important;"" >24</span>","<span style=""     color: #9C964A !important;"" >0.597</span>","<span style=""     color: #9C964A !important;"" >0.31</span>","<span style=""     color: #9C964A !important;"" >0.8</span>","<span style=""     color: #9C964A !important;"" >1</span>","<span style=""     color: #9C964A !important;"" >1</span>","<span style=""     color: #9C964A !important;"" >3.017</span>",0.833,"IC block first","blue","<span style=""     color: #9C964A !important;"" >Chrome</span>",19,"Male",TRUE,85
"sway-57408","<span style=""     color: #9C964A !important;"" >19</span>","<span style=""     color: #9C964A !important;"" >0.49</span>","<span style=""     color: #9C964A !important;"" >0.135</span>","<span style=""     color: #9C964A !important;"" >1</span>","<span style=""     color: #9C964A !important;"" >1</span>","<span style=""     color: #9C964A !important;"" >0.969</span>","<span style=""     color: #9C964A !important;"" >2.039</span>",0.646,"IC block first","orange","<span style=""     color: #9C964A !important;"" >Chrome</span>",25,"Male",TRUE,84
"crust-6c89","<span style=""     color: #9C964A !important;"" >21</span>","<span style=""     color: #9C964A !important;"" >2.298</span>","<span style=""     color: #9C964A !important;"" >2.298</span>","<span style=""     color: #9C964A !important;"" >0.7</span>","<span style=""     color: #9C964A !important;"" >1</span>","<span style=""     color: #9C964A !important;"" >0.938</span>","<span style=""     color: #9C964A !important;"" >1.361</span>",0.625,"C block first","orange","<span style=""     color: #9C964A !important;"" >Chrome</span>",34,"Female",TRUE,83
"heap-eaee1","<span style=""     color: #85D4E3 !important;"" >38</span>","<span style=""     color: #85D4E3 !important;"" >8.533</span>","<span style=""     color: #85D4E3 !important;"" >8.533</span>","<span style=""     color: #9C964A !important;"" >0.6</span>","<span style=""     color: #9C964A !important;"" >1</span>","<span style=""     color: #9C964A !important;"" >1</span>","<span style=""     color: #9C964A !important;"" >2.854</span>",0.583,"IC block first","blue","<span style=""     color: #9C964A !important;"" >Chrome</span>",26,"Male",TRUE,82
"etch-a81c9","<span style=""     color: #9C964A !important;"" >27</span>","<span style=""     color: #9C964A !important;"" >2.262</span>","<span style=""     color: #9C964A !important;"" >2.262</span>","<span style=""     color: #9C964A !important;"" >0.8</span>","<span style=""     color: #9C964A !important;"" >1</span>","<span style=""     color: #9C964A !important;"" >1</span>","<span style=""     color: #9C964A !important;"" >3.087</span>",0.76,"IC block first","orange","<span style=""     color: #9C964A !important;"" >Chrome</span>",32,"Male",TRUE,81
"path-179b1","<span style=""     color: #9C964A !important;"" >28</span>","<span style=""     color: #9C964A !important;"" >1.685</span>","<span style=""     color: #9C964A !important;"" >0.419</span>","<span style=""     color: #9C964A !important;"" >0.8</span>","<span style=""     color: #9C964A !important;"" >0.8</span>","<span style=""     color: #9C964A !important;"" >1</span>","<span style=""     color: #9C964A !important;"" >2.517</span>",0.531,"C block first","orange","<span style=""     color: #9C964A !important;"" >Chrome</span>",22,"Male",TRUE,80
"boney-4561","<span style=""     color: #85D4E3 !important;"" >37</span>","<span style=""     color: #9C964A !important;"" >3.355</span>","<span style=""     color: #9C964A !important;"" >0.269</span>","<span style=""     color: #9C964A !important;"" >0.8</span>","<span style=""     color: #9C964A !important;"" >1</span>","<span style=""     color: #9C964A !important;"" >0.969</span>","<span style=""     color: #972D15 !important;"" >4.22</span>",0.521,"C block first","orange","<span style=""     color: #9C964A !important;"" >Chrome</span>",25,"Male",FALSE,79
"hatch-a375","<span style=""     color: #9C964A !important;"" >21</span>","<span style=""     color: #9C964A !important;"" >0.981</span>","<span style=""     color: #9C964A !important;"" >0.317</span>","<span style=""     color: #9C964A !important;"" >1</span>","<span style=""     color: #9C964A !important;"" >1</span>","<span style=""     color: #9C964A !important;"" >0.969</span>","<span style=""     color: #9C964A !important;"" >1.969</span>",0.521,"IC block first","orange","<span style=""     color: #9C964A !important;"" >Firefox</span>",53,"Male",TRUE,78
"droop-728c","<span style=""     color: #9C964A !important;"" >28</span>","<span style=""     color: #9C964A !important;"" >1.327</span>","<span style=""     color: #9C964A !important;"" >0.753</span>","<span style=""     color: #9C964A !important;"" >0.9</span>","<span style=""     color: #9C964A !important;"" >1</span>","<span style=""     color: #9C964A !important;"" >1</span>","<span style=""     color: #9C964A !important;"" >2.662</span>",0.625,"C block first","orange","<span style=""     color: #9C964A !important;"" >Chrome</span>",24,"Female",TRUE,77
"stain-466b","<span style=""     color: #9C964A !important;"" >20</span>","<span style=""     color: #9C964A !important;"" >0.809</span>","<span style=""     color: #9C964A !important;"" >0.106</span>","<span style=""     color: #9C964A !important;"" >1</span>","<span style=""     color: #9C964A !important;"" >1</span>","<span style=""     color: #9C964A !important;"" >1</span>","<span style=""     color: #9C964A !important;"" >2.066</span>",0.552,"C block first","orange","<span style=""     color: #9C964A !important;"" >Chrome</span>",27,"Male",TRUE,76
"slam-73a22","<span style=""     color: #9C964A !important;"" >21</span>","<span style=""     color: #9C964A !important;"" >1.239</span>","<span style=""     color: #9C964A !important;"" >1.239</span>","<span style=""     color: #9C964A !important;"" >0.6</span>","<span style=""     color: #9C964A !important;"" >0.8</span>","<span style=""     color: #9C964A !important;"" >0.875</span>","<span style=""     color: #9C964A !important;"" >1.39</span>",0.74,"IC block first","blue","<span style=""     color: #9C964A !important;"" >Chrome</span>",31,"Female",TRUE,75
"thud-48aba","<span style=""     color: #9C964A !important;"" >21</span>","<span style=""     color: #9C964A !important;"" >1.307</span>","<span style=""     color: #9C964A !important;"" >1.307</span>","<span style=""     color: #9C964A !important;"" >0.9</span>","<span style=""     color: #9C964A !important;"" >1</span>","<span style=""     color: #9C964A !important;"" >0.969</span>","<span style=""     color: #9C964A !important;"" >2.031</span>",0.698,"IC block first","blue","<span style=""     color: #9C964A !important;"" >Chrome</span>",41,"Male",TRUE,74
"awoke-1888","<span style=""     color: #85D4E3 !important;"" >46</span>","<span style=""     color: #85D4E3 !important;"" >25.095</span>","<span style=""     color: #9C964A !important;"" >0.812</span>","<span style=""     color: #9C964A !important;"" >1</span>","<span style=""     color: #9C964A !important;"" >1</span>","<span style=""     color: #9C964A !important;"" >1</span>","<span style=""     color: #9C964A !important;"" >2.564</span>",0.615,"IC block first","orange","<span style=""     color: #9C964A !important;"" >Chrome</span>",22,"Female",TRUE,73
"vapor-8d59","<span style=""     color: #9C964A !important;"" >20</span>","<span style=""     color: #9C964A !important;"" >0.71</span>","<span style=""     color: #9C964A !important;"" >0.125</span>","<span style=""     color: #9C964A !important;"" >0.9</span>","<span style=""     color: #9C964A !important;"" >1</span>","<span style=""     color: #9C964A !important;"" >0.938</span>","<span style=""     color: #9C964A !important;"" >1.178</span>",0.646,"C block first","blue","<span style=""     color: #9C964A !important;"" >Firefox</span>",40,"Male",TRUE,72
"cane-43f6d","<span style=""     color: #9C964A !important;"" >19</span>","<span style=""     color: #9C964A !important;"" >1.26</span>","<span style=""     color: #9C964A !important;"" >0.161</span>","<span style=""     color: #9C964A !important;"" >0.9</span>","<span style=""     color: #9C964A !important;"" >1</span>","<span style=""     color: #9C964A !important;"" >0.938</span>","<span style=""     color: #9C964A !important;"" >2.171</span>",0.573,"IC block first","orange","<span style=""     color: #9C964A !important;"" >Chrome</span>",29,"Male",TRUE,71
"rise-d5184","<span style=""     color: #9C964A !important;"" >27</span>","<span style=""     color: #9C964A !important;"" >2.59</span>","<span style=""     color: #9C964A !important;"" >2.59</span>","<span style=""     color: #9C964A !important;"" >0.9</span>","<span style=""     color: #9C964A !important;"" >1</span>","<span style=""     color: #9C964A !important;"" >1</span>","<span style=""     color: #9C964A !important;"" >2.098</span>",0.552,"IC block first","blue","<span style=""     color: #9C964A !important;"" >Chrome</span>",31,"Female",TRUE,70
"crawl-93ed","<span style=""     color: #9C964A !important;"" >22</span>","<span style=""     color: #9C964A !important;"" >0.515</span>","<span style=""     color: #9C964A !important;"" >0.154</span>","<span style=""     color: #9C964A !important;"" >0.9</span>","<span style=""     color: #9C964A !important;"" >1</span>","<span style=""     color: #9C964A !important;"" >1</span>","<span style=""     color: #9C964A !important;"" >3.502</span>",0.74,"C block first","blue","<span style=""     color: #9C964A !important;"" >Chrome</span>",23,"Male",TRUE,69
"user-5ec4c","<span style=""     color: #9C964A !important;"" >22</span>","<span style=""     color: #9C964A !important;"" >0.855</span>","<span style=""     color: #9C964A !important;"" >0.321</span>","<span style=""     color: #9C964A !important;"" >0.8</span>","<span style=""     color: #9C964A !important;"" >0.9</span>","<span style=""     color: #9C964A !important;"" >0.969</span>","<span style=""     color: #9C964A !important;"" >1.936</span>",0.708,"IC block first","orange","<span style=""     color: #9C964A !important;"" >Firefox</span>",30,"Male",TRUE,68
"ebony-8217","<span style=""     color: #9C964A !important;"" >18</span>","<span style=""     color: #9C964A !important;"" >0.618</span>","<span style=""     color: #9C964A !important;"" >0.133</span>","<span style=""     color: #9C964A !important;"" >0.7</span>","<span style=""     color: #9C964A !important;"" >1</span>","<span style=""     color: #9C964A !important;"" >1</span>","<span style=""     color: #9C964A !important;"" >1.64</span>",0.771,"IC block first","orange","<span style=""     color: #9C964A !important;"" >Chrome</span>",52,"Female",TRUE,67
"liver-2a52","<span style=""     color: #9C964A !important;"" >19</span>","<span style=""     color: #9C964A !important;"" >0.839</span>","<span style=""     color: #9C964A !important;"" >0.11</span>","<span style=""     color: #9C964A !important;"" >0.6</span>","<span style=""     color: #9C964A !important;"" >1</span>","<span style=""     color: #9C964A !important;"" >1</span>","<span style=""     color: #9C964A !important;"" >2.731</span>",0.583,"C block first","orange","<span style=""     color: #9C964A !important;"" >Chrome</span>",21,"Male",TRUE,66
"deaf-e6a70","<span style=""     color: #9C964A !important;"" >22</span>","<span style=""     color: #9C964A !important;"" >0.908</span>","<span style=""     color: #9C964A !important;"" >0.244</span>","<span style=""     color: #9C964A !important;"" >0.8</span>","<span style=""     color: #9C964A !important;"" >1</span>","<span style=""     color: #9C964A !important;"" >0.938</span>","<span style=""     color: #9C964A !important;"" >2.301</span>",0.74,"IC block first","blue","<span style=""     color: #9C964A !important;"" >Chrome</span>",64,"Male",TRUE,65
"draw-1536e","<span style=""     color: #9C964A !important;"" >19</span>","<span style=""     color: #9C964A !important;"" >0.476</span>","<span style=""     color: #9C964A !important;"" >0.111</span>","<span style=""     color: #9C964A !important;"" >0.7</span>","<span style=""     color: #9C964A !important;"" >0.8</span>","<span style=""     color: #9C964A !important;"" >0.844</span>","<span style=""     color: #9C964A !important;"" >1.129</span>",0.854,"C block first","blue","<span style=""     color: #9C964A !important;"" >Chrome</span>",23,"Male",TRUE,64
"legal-be47","<span style=""     color: #9C964A !important;"" >32</span>","<span style=""     color: #85D4E3 !important;"" >5.095</span>","<span style=""     color: #9C964A !important;"" >3.931</span>","<span style=""     color: #9C964A !important;"" >1</span>","<span style=""     color: #9C964A !important;"" >0.9</span>","<span style=""     color: #9C964A !important;"" >0.969</span>","<span style=""     color: #9C964A !important;"" >1.475</span>",0.812,"IC block first","blue","<span style=""     color: #9C964A !important;"" >Chrome</span>",25,"Male",TRUE,63
"quit-19b1b","<span style=""     color: #9C964A !important;"" >20</span>","<span style=""     color: #9C964A !important;"" >1.21</span>","<span style=""     color: #9C964A !important;"" >0.117</span>","<span style=""     color: #9C964A !important;"" >1</span>","<span style=""     color: #9C964A !important;"" >1</span>","<span style=""     color: #9C964A !important;"" >1</span>","<span style=""     color: #9C964A !important;"" >3.083</span>",0.677,"IC block first","blue","<span style=""     color: #9C964A !important;"" >Chrome</span>",39,"Female",TRUE,62
"acre-24731","<span style=""     color: #9C964A !important;"" >22</span>","<span style=""     color: #9C964A !important;"" >1.442</span>","<span style=""     color: #9C964A !important;"" >0.141</span>","<span style=""     color: #9C964A !important;"" >0.8</span>","<span style=""     color: #9C964A !important;"" >0.9</span>","<span style=""     color: #9C964A !important;"" >1</span>","<span style=""     color: #9C964A !important;"" >3.688</span>",0.708,"C block first","orange","<span style=""     color: #9C964A !important;"" >Chrome</span>",55,"Male",TRUE,61
"eaten-fcfc","<span style=""     color: #9C964A !important;"" >20</span>","<span style=""     color: #9C964A !important;"" >1.206</span>","<span style=""     color: #9C964A !important;"" >1.206</span>","<span style=""     color: #9C964A !important;"" >1</span>","<span style=""     color: #9C964A !important;"" >1</span>","<span style=""     color: #9C964A !important;"" >0.969</span>","<span style=""     color: #9C964A !important;"" >2.22</span>",0.49,"C block first","orange","<span style=""     color: #9C964A !important;"" >Chrome</span>",40,"Female",TRUE,60
"patio-826e","<span style=""     color: #9C964A !important;"" >23</span>","<span style=""     color: #9C964A !important;"" >2.65</span>","<span style=""     color: #9C964A !important;"" >0.126</span>","<span style=""     color: #9C964A !important;"" >0.7</span>","<span style=""     color: #9C964A !important;"" >1</span>","<span style=""     color: #9C964A !important;"" >1</span>","<span style=""     color: #9C964A !important;"" >2.027</span>",0.646,"IC block first","orange","<span style=""     color: #9C964A !important;"" >Chrome</span>",25,"Female",TRUE,59
"wolf-7d3f2","<span style=""     color: #9C964A !important;"" >20</span>","<span style=""     color: #9C964A !important;"" >0.202</span>","<span style=""     color: #9C964A !important;"" >0.115</span>","<span style=""     color: #9C964A !important;"" >0.7</span>","<span style=""     color: #9C964A !important;"" >0.9</span>","<span style=""     color: #9C964A !important;"" >0.938</span>","<span style=""     color: #9C964A !important;"" >1.805</span>",0.615,"IC block first","blue","<span style=""     color: #85D4E3 !important;"" >Opera</span>",29,"Male",TRUE,58
"flyer-3be9","<span style=""     color: #9C964A !important;"" >21</span>","<span style=""     color: #9C964A !important;"" >1.769</span>","<span style=""     color: #9C964A !important;"" >1.769</span>","<span style=""     color: #9C964A !important;"" >1</span>","<span style=""     color: #9C964A !important;"" >0.9</span>","<span style=""     color: #9C964A !important;"" >0.844</span>","<span style=""     color: #9C964A !important;"" >1.573</span>",0.698,"C block first","orange","<span style=""     color: #9C964A !important;"" >Chrome</span>",24,"Female",TRUE,57
"photo-97da","<span style=""     color: #9C964A !important;"" >21</span>","<span style=""     color: #9C964A !important;"" >0.86</span>","<span style=""     color: #9C964A !important;"" >0.659</span>","<span style=""     color: #9C964A !important;"" >0.8</span>","<span style=""     color: #9C964A !important;"" >0.9</span>","<span style=""     color: #9C964A !important;"" >0.906</span>","<span style=""     color: #9C964A !important;"" >1.098</span>",0.667,"IC block first","blue","<span style=""     color: #9C964A !important;"" >Firefox</span>",20,"Male",TRUE,56
"angel-ebf5","<span style=""     color: #9C964A !important;"" >24</span>","<span style=""     color: #9C964A !important;"" >4.32</span>","<span style=""     color: #9C964A !important;"" >4.32</span>","<span style=""     color: #9C964A !important;"" >1</span>","<span style=""     color: #9C964A !important;"" >0.8</span>","<span style=""     color: #9C964A !important;"" >0.844</span>","<span style=""     color: #9C964A !important;"" >1.272</span>",0.51,"C block first","orange","<span style=""     color: #9C964A !important;"" >Firefox</span>",24,"Male",TRUE,55
"bribe-be99","<span style=""     color: #9C964A !important;"" >34</span>","<span style=""     color: #85D4E3 !important;"" >14.32</span>","<span style=""     color: #85D4E3 !important;"" >14.32</span>","<span style=""     color: #9C964A !important;"" >0.8</span>","<span style=""     color: #9C964A !important;"" >1</span>","<span style=""     color: #9C964A !important;"" >1</span>","<span style=""     color: #9C964A !important;"" >2.328</span>",0.542,"C block first","orange","<span style=""     color: #85D4E3 !important;"" >Edge</span>",20,"Male",TRUE,54
"widen-fe4e","<span style=""     color: #9C964A !important;"" >18</span>","<span style=""     color: #9C964A !important;"" >0.228</span>","<span style=""     color: #9C964A !important;"" >0.127</span>","<span style=""     color: #9C964A !important;"" >1</span>","<span style=""     color: #9C964A !important;"" >1</span>","<span style=""     color: #9C964A !important;"" >0.969</span>","<span style=""     color: #9C964A !important;"" >0.85</span>",0.552,"IC block first","blue","<span style=""     color: #9C964A !important;"" >Firefox</span>",23,"Male",TRUE,53
"stall-0f07","<span style=""     color: #9C964A !important;"" >23</span>","<span style=""     color: #9C964A !important;"" >1.499</span>","<span style=""     color: #9C964A !important;"" >0.749</span>","<span style=""     color: #9C964A !important;"" >0.9</span>","<span style=""     color: #9C964A !important;"" >0.7</span>","<span style=""     color: #972D15 !important;"" >0.469</span>","<span style=""     color: #9C964A !important;"" >2.106</span>",0.49,"IC block first","orange","<span style=""     color: #9C964A !important;"" >Chrome</span>",45,"Male",FALSE,52
"pouch-2b44","<span style=""     color: #85D4E3 !important;"" >36</span>","<span style=""     color: #85D4E3 !important;"" >11.031</span>","<span style=""     color: #9C964A !important;"" >4.806</span>","<span style=""     color: #9C964A !important;"" >0.9</span>","<span style=""     color: #9C964A !important;"" >0.9</span>","<span style=""     color: #9C964A !important;"" >0.875</span>","<span style=""     color: #9C964A !important;"" >1.373</span>",0.771,"C block first","orange","<span style=""     color: #9C964A !important;"" >Chrome</span>",25,"Male",TRUE,51
"cane-a8262","<span style=""     color: #9C964A !important;"" >27</span>","<span style=""     color: #9C964A !important;"" >3.585</span>","<span style=""     color: #9C964A !important;"" >1.406</span>","<span style=""     color: #9C964A !important;"" >0.6</span>","<span style=""     color: #9C964A !important;"" >0.9</span>","<span style=""     color: #9C964A !important;"" >0.844</span>","<span style=""     color: #9C964A !important;"" >1.358</span>",0.531,"C block first","orange","<span style=""     color: #9C964A !important;"" >Firefox</span>",31,"Male",TRUE,50
"pest-317f9","<span style=""     color: #9C964A !important;"" >22</span>","<span style=""     color: #9C964A !important;"" >1.861</span>","<span style=""     color: #9C964A !important;"" >0.851</span>","<span style=""     color: #9C964A !important;"" >1</span>","<span style=""     color: #9C964A !important;"" >0.7</span>","<span style=""     color: #9C964A !important;"" >0.781</span>","<span style=""     color: #9C964A !important;"" >1.229</span>",0.5,"C block first","blue","<span style=""     color: #9C964A !important;"" >Chrome</span>",25,"Male",TRUE,49
"mash-b4b3f","<span style=""     color: #9C964A !important;"" >25</span>","<span style=""     color: #9C964A !important;"" >0.827</span>","<span style=""     color: #9C964A !important;"" >0.267</span>","<span style=""     color: #9C964A !important;"" >0.9</span>","<span style=""     color: #9C964A !important;"" >1</span>","<span style=""     color: #9C964A !important;"" >0.969</span>","<span style=""     color: #9C964A !important;"" >2.596</span>",0.51,"C block first","orange","<span style=""     color: #9C964A !important;"" >Chrome</span>",32,"Male",TRUE,48
"ocean-addf","<span style=""     color: #9C964A !important;"" >20</span>","<span style=""     color: #9C964A !important;"" >1.682</span>","<span style=""     color: #9C964A !important;"" >0.146</span>","<span style=""     color: #9C964A !important;"" >0.8</span>","<span style=""     color: #9C964A !important;"" >0.9</span>","<span style=""     color: #9C964A !important;"" >0.938</span>","<span style=""     color: #9C964A !important;"" >1.549</span>",0.802,"IC block first","blue","<span style=""     color: #9C964A !important;"" >Chrome</span>",29,"Female",TRUE,47
"shown-563b","<span style=""     color: #9C964A !important;"" >21</span>","<span style=""     color: #9C964A !important;"" >1.972</span>","<span style=""     color: #9C964A !important;"" >0.169</span>","<span style=""     color: #9C964A !important;"" >0.9</span>","<span style=""     color: #9C964A !important;"" >1</span>","<span style=""     color: #9C964A !important;"" >1</span>","<span style=""     color: #9C964A !important;"" >2.751</span>",0.719,"IC block first","orange","<span style=""     color: #9C964A !important;"" >Chrome</span>",20,"Male",TRUE,46
"ruby-cde38","<span style=""     color: #9C964A !important;"" >20</span>","<span style=""     color: #9C964A !important;"" >0.58</span>","<span style=""     color: #9C964A !important;"" >0.108</span>","<span style=""     color: #9C964A !important;"" >1</span>","<span style=""     color: #9C964A !important;"" >1</span>","<span style=""     color: #9C964A !important;"" >1</span>","<span style=""     color: #9C964A !important;"" >2.448</span>",0.76,"IC block first","orange","<span style=""     color: #9C964A !important;"" >Chrome</span>",36,"Male",TRUE,45
"bring-18b1","<span style=""     color: #9C964A !important;"" >18</span>","<span style=""     color: #9C964A !important;"" >0.358</span>","<span style=""     color: #9C964A !important;"" >0.119</span>","<span style=""     color: #9C964A !important;"" >1</span>","<span style=""     color: #9C964A !important;"" >0.8</span>","<span style=""     color: #9C964A !important;"" >0.969</span>","<span style=""     color: #9C964A !important;"" >1.535</span>",0.854,"C block first","blue","<span style=""     color: #9C964A !important;"" >Chrome</span>",33,"Male",TRUE,44
"froze-d3db","<span style=""     color: #9C964A !important;"" >22</span>","<span style=""     color: #9C964A !important;"" >1.609</span>","<span style=""     color: #9C964A !important;"" >0.2</span>","<span style=""     color: #9C964A !important;"" >0.9</span>","<span style=""     color: #9C964A !important;"" >0.7</span>","<span style=""     color: #9C964A !important;"" >0.844</span>","<span style=""     color: #9C964A !important;"" >0.983</span>",0.562,"C block first","blue","<span style=""     color: #9C964A !important;"" >Chrome</span>",30,"Male",TRUE,43
"opt-29d3ab","<span style=""     color: #9C964A !important;"" >25</span>","<span style=""     color: #9C964A !important;"" >2.94</span>","<span style=""     color: #9C964A !important;"" >1.64</span>","<span style=""     color: #9C964A !important;"" >0.8</span>","<span style=""     color: #9C964A !important;"" >1</span>","<span style=""     color: #9C964A !important;"" >1</span>","<span style=""     color: #9C964A !important;"" >2.922</span>",0.552,"C block first","blue","<span style=""     color: #9C964A !important;"" >Chrome</span>",38,"Male",TRUE,42
"saved-c00b","<span style=""     color: #9C964A !important;"" >21</span>","<span style=""     color: #9C964A !important;"" >0.758</span>","<span style=""     color: #9C964A !important;"" >0.145</span>","<span style=""     color: #9C964A !important;"" >0.9</span>","<span style=""     color: #9C964A !important;"" >1</span>","<span style=""     color: #9C964A !important;"" >1</span>","<span style=""     color: #9C964A !important;"" >1.864</span>",0.604,"IC block first","blue","<span style=""     color: #9C964A !important;"" >Chrome</span>",29,"Male",TRUE,41
"lived-8fa5","<span style=""     color: #9C964A !important;"" >31</span>","<span style=""     color: #9C964A !important;"" >2.533</span>","<span style=""     color: #9C964A !important;"" >0.92</span>","<span style=""     color: #9C964A !important;"" >1</span>","<span style=""     color: #9C964A !important;"" >1</span>","<span style=""     color: #9C964A !important;"" >0.969</span>","<span style=""     color: #9C964A !important;"" >2.24</span>",0.604,"C block first","orange","<span style=""     color: #9C964A !important;"" >Chrome</span>",42,"Male",TRUE,40
"rice-24275","<span style=""     color: #9C964A !important;"" >19</span>","<span style=""     color: #9C964A !important;"" >0.243</span>","<span style=""     color: #9C964A !important;"" >0.183</span>","<span style=""     color: #9C964A !important;"" >0.9</span>","<span style=""     color: #9C964A !important;"" >0.9</span>","<span style=""     color: #9C964A !important;"" >0.781</span>","<span style=""     color: #9C964A !important;"" >1.081</span>",0.625,"C block first","orange","<span style=""     color: #9C964A !important;"" >Firefox</span>",23,"Male",TRUE,39
"royal-4122","<span style=""     color: #9C964A !important;"" >24</span>","<span style=""     color: #9C964A !important;"" >2.026</span>","<span style=""     color: #9C964A !important;"" >0.641</span>","<span style=""     color: #9C964A !important;"" >0.9</span>","<span style=""     color: #9C964A !important;"" >1</span>","<span style=""     color: #9C964A !important;"" >0.969</span>","<span style=""     color: #9C964A !important;"" >2.487</span>",0.76,"IC block first","blue","<span style=""     color: #9C964A !important;"" >Chrome</span>",20,"Male",TRUE,38
"mug-edf98c","<span style=""     color: #9C964A !important;"" >31</span>","<span style=""     color: #9C964A !important;"" >2.968</span>","<span style=""     color: #9C964A !important;"" >2.968</span>","<span style=""     color: #9C964A !important;"" >0.9</span>","<span style=""     color: #9C964A !important;"" >0.8</span>","<span style=""     color: #9C964A !important;"" >0.875</span>","<span style=""     color: #9C964A !important;"" >1.171</span>",0.583,"C block first","blue","<span style=""     color: #9C964A !important;"" >Firefox</span>",40,"Male",TRUE,37
"photo-5c88","<span style=""     color: #9C964A !important;"" >20</span>","<span style=""     color: #9C964A !important;"" >1.729</span>","<span style=""     color: #9C964A !important;"" >0.137</span>","<span style=""     color: #9C964A !important;"" >0.9</span>","<span style=""     color: #9C964A !important;"" >0.9</span>","<span style=""     color: #9C964A !important;"" >0.938</span>","<span style=""     color: #9C964A !important;"" >1.785</span>",0.885,"C block first","blue","<span style=""     color: #9C964A !important;"" >Chrome</span>",21,"Female",TRUE,36
"grief-89ae","<span style=""     color: #9C964A !important;"" >27</span>","<span style=""     color: #9C964A !important;"" >3.205</span>","<span style=""     color: #9C964A !important;"" >1.723</span>","<span style=""     color: #9C964A !important;"" >0.9</span>","<span style=""     color: #9C964A !important;"" >1</span>","<span style=""     color: #9C964A !important;"" >1</span>","<span style=""     color: #9C964A !important;"" >2.138</span>",0.594,"IC block first","orange","<span style=""     color: #9C964A !important;"" >Chrome</span>",27,"Female",TRUE,35
"vegan-30d5","<span style=""     color: #9C964A !important;"" >20</span>","<span style=""     color: #9C964A !important;"" >2.085</span>","<span style=""     color: #9C964A !important;"" >2.085</span>","<span style=""     color: #9C964A !important;"" >0.9</span>","<span style=""     color: #9C964A !important;"" >1</span>","<span style=""     color: #9C964A !important;"" >1</span>","<span style=""     color: #9C964A !important;"" >2.015</span>",0.698,"C block first","orange","<span style=""     color: #9C964A !important;"" >Chrome</span>",24,"Male",TRUE,34
"hash-eb2f7","<span style=""     color: #9C964A !important;"" >19</span>","<span style=""     color: #9C964A !important;"" >0.512</span>","<span style=""     color: #9C964A !important;"" >0.512</span>","<span style=""     color: #9C964A !important;"" >0.9</span>","<span style=""     color: #9C964A !important;"" >1</span>","<span style=""     color: #9C964A !important;"" >0.938</span>","<span style=""     color: #9C964A !important;"" >1.594</span>",0.5,"IC block first","blue","<span style=""     color: #9C964A !important;"" >Chrome</span>",28,"Male",TRUE,33
"poser-d723","<span style=""     color: #9C964A !important;"" >19</span>","<span style=""     color: #9C964A !important;"" >0.686</span>","<span style=""     color: #9C964A !important;"" >0.686</span>","<span style=""     color: #9C964A !important;"" >1</span>","<span style=""     color: #9C964A !important;"" >1</span>","<span style=""     color: #9C964A !important;"" >0.969</span>","<span style=""     color: #9C964A !important;"" >2.33</span>",0.594,"IC block first","blue","<span style=""     color: #9C964A !important;"" >Chrome</span>",27,"Male",TRUE,32
"jot-113d42","<span style=""     color: #9C964A !important;"" >25</span>","<span style=""     color: #9C964A !important;"" >2.333</span>","<span style=""     color: #9C964A !important;"" >0.533</span>","<span style=""     color: #9C964A !important;"" >1</span>","<span style=""     color: #9C964A !important;"" >0.9</span>","<span style=""     color: #9C964A !important;"" >0.969</span>","<span style=""     color: #9C964A !important;"" >2.273</span>",0.562,"C block first","blue","<span style=""     color: #9C964A !important;"" >Chrome</span>",33,"Male",TRUE,31
"crane-8aae","<span style=""     color: #9C964A !important;"" >19</span>","<span style=""     color: #9C964A !important;"" >0.573</span>","<span style=""     color: #9C964A !important;"" >0.275</span>","<span style=""     color: #9C964A !important;"" >1</span>","<span style=""     color: #9C964A !important;"" >1</span>","<span style=""     color: #9C964A !important;"" >1</span>","<span style=""     color: #9C964A !important;"" >2.657</span>",0.781,"C block first","orange","<span style=""     color: #9C964A !important;"" >Firefox</span>",22,"Male",TRUE,30
"prior-a802","<span style=""     color: #9C964A !important;"" >19</span>","<span style=""     color: #9C964A !important;"" >0.686</span>","<span style=""     color: #9C964A !important;"" >0.207</span>","<span style=""     color: #9C964A !important;"" >1</span>","<span style=""     color: #9C964A !important;"" >1</span>","<span style=""     color: #9C964A !important;"" >1</span>","<span style=""     color: #9C964A !important;"" >2.134</span>",0.604,"IC block first","blue","<span style=""     color: #85D4E3 !important;"" >Edge</span>",45,"Male",TRUE,29
"entry-3a33","<span style=""     color: #9C964A !important;"" >20</span>","<span style=""     color: #9C964A !important;"" >0.375</span>","<span style=""     color: #9C964A !important;"" >0.222</span>","<span style=""     color: #9C964A !important;"" >0.9</span>","<span style=""     color: #9C964A !important;"" >0.9</span>","<span style=""     color: #9C964A !important;"" >1</span>","<span style=""     color: #9C964A !important;"" >2.846</span>",0.438,"C block first","orange","<span style=""     color: #85D4E3 !important;"" >Opera</span>",23,"Male",TRUE,28
"chain-3b1d","<span style=""     color: #9C964A !important;"" >18</span>","<span style=""     color: #9C964A !important;"" >0.53</span>","<span style=""     color: #9C964A !important;"" >0.53</span>","<span style=""     color: #9C964A !important;"" >0.7</span>","<span style=""     color: #9C964A !important;"" >1</span>","<span style=""     color: #9C964A !important;"" >0.906</span>","<span style=""     color: #9C964A !important;"" >1.608</span>",0.615,"C block first","orange","<span style=""     color: #9C964A !important;"" >Chrome</span>",24,"Female",TRUE,27
"chair-2f14","<span style=""     color: #9C964A !important;"" >18</span>","<span style=""     color: #9C964A !important;"" >0.363</span>","<span style=""     color: #9C964A !important;"" >0.102</span>","<span style=""     color: #9C964A !important;"" >0.7</span>","<span style=""     color: #9C964A !important;"" >1</span>","<span style=""     color: #9C964A !important;"" >0.969</span>","<span style=""     color: #9C964A !important;"" >2.053</span>",0.573,"C block first","orange","<span style=""     color: #9C964A !important;"" >Chrome</span>",27,"Male",TRUE,26
"apron-d5b1","<span style=""     color: #9C964A !important;"" >18</span>","<span style=""     color: #9C964A !important;"" >0.302</span>","<span style=""     color: #9C964A !important;"" >0.163</span>","<span style=""     color: #9C964A !important;"" >0.8</span>","<span style=""     color: #9C964A !important;"" >1</span>","<span style=""     color: #9C964A !important;"" >1</span>","<span style=""     color: #9C964A !important;"" >2.056</span>",0.542,"C block first","orange","<span style=""     color: #9C964A !important;"" >Chrome</span>",37,"Male",TRUE,25
"badge-5e13","<span style=""     color: #9C964A !important;"" >18</span>","<span style=""     color: #9C964A !important;"" >0.49</span>","<span style=""     color: #9C964A !important;"" >0.156</span>","<span style=""     color: #9C964A !important;"" >0.8</span>","<span style=""     color: #9C964A !important;"" >1</span>","<span style=""     color: #9C964A !important;"" >0.938</span>","<span style=""     color: #9C964A !important;"" >2.131</span>",0.729,"C block first","blue","<span style=""     color: #9C964A !important;"" >Firefox</span>",34,"Male",TRUE,24
"bolt-7d999","<span style=""     color: #85D4E3 !important;"" >56</span>","<span style=""     color: #85D4E3 !important;"" >12.382</span>","<span style=""     color: #85D4E3 !important;"" >7.12</span>","<span style=""     color: #9C964A !important;"" >0.9</span>","<span style=""     color: #9C964A !important;"" >0.8</span>","<span style=""     color: #9C964A !important;"" >0.938</span>","<span style=""     color: #9C964A !important;"" >1.414</span>",0.427,"IC block first","orange","<span style=""     color: #9C964A !important;"" >Chrome</span>",22,"Female",TRUE,23
"fog-6ebf32","<span style=""     color: #9C964A !important;"" >20</span>","<span style=""     color: #9C964A !important;"" >0.667</span>","<span style=""     color: #9C964A !important;"" >0.502</span>","<span style=""     color: #9C964A !important;"" >0.7</span>","<span style=""     color: #9C964A !important;"" >0.8</span>","<span style=""     color: #9C964A !important;"" >0.969</span>","<span style=""     color: #9C964A !important;"" >3.661</span>",0.573,"C block first","blue","<span style=""     color: #9C964A !important;"" >Chrome</span>",52,"Male",TRUE,22
"slab-5b57e","<span style=""     color: #9C964A !important;"" >22</span>","<span style=""     color: #9C964A !important;"" >1.92</span>","<span style=""     color: #9C964A !important;"" >1.92</span>","<span style=""     color: #9C964A !important;"" >0.9</span>","<span style=""     color: #9C964A !important;"" >1</span>","<span style=""     color: #9C964A !important;"" >0.875</span>","<span style=""     color: #9C964A !important;"" >2.273</span>",0.469,"IC block first","orange","<span style=""     color: #85D4E3 !important;"" >other</span>",22,"Male",TRUE,21
"elder-5a9c","<span style=""     color: #9C964A !important;"" >22</span>","<span style=""     color: #9C964A !important;"" >1.2</span>","<span style=""     color: #9C964A !important;"" >1.2</span>","<span style=""     color: #9C964A !important;"" >1</span>","<span style=""     color: #9C964A !important;"" >1</span>","<span style=""     color: #9C964A !important;"" >1</span>","<span style=""     color: #9C964A !important;"" >1.972</span>",0.573,"C block first","orange","<span style=""     color: #9C964A !important;"" >Chrome</span>",27,"Female",TRUE,20
"koala-9d47","<span style=""     color: #9C964A !important;"" >18</span>","<span style=""     color: #9C964A !important;"" >0.705</span>","<span style=""     color: #9C964A !important;"" >0.111</span>","<span style=""     color: #9C964A !important;"" >0.9</span>","<span style=""     color: #9C964A !important;"" >1</span>","<span style=""     color: #9C964A !important;"" >1</span>","<span style=""     color: #9C964A !important;"" >2.137</span>",0.573,"C block first","blue","<span style=""     color: #9C964A !important;"" >Chrome</span>",24,"Male",TRUE,19
"wipe-80749","<span style=""     color: #9C964A !important;"" >19</span>","<span style=""     color: #9C964A !important;"" >1.098</span>","<span style=""     color: #9C964A !important;"" >0.125</span>","<span style=""     color: #9C964A !important;"" >0.8</span>","<span style=""     color: #9C964A !important;"" >1</span>","<span style=""     color: #9C964A !important;"" >0.969</span>","<span style=""     color: #9C964A !important;"" >2.262</span>",0.583,"C block first","blue","<span style=""     color: #85D4E3 !important;"" >other</span>",22,"Male",TRUE,18
"copy-7983e","<span style=""     color: #9C964A !important;"" >19</span>","<span style=""     color: #9C964A !important;"" >1.366</span>","<span style=""     color: #9C964A !important;"" >1.366</span>","<span style=""     color: #9C964A !important;"" >0.8</span>","<span style=""     color: #9C964A !important;"" >0.9</span>","<span style=""     color: #9C964A !important;"" >0.875</span>","<span style=""     color: #9C964A !important;"" >1.73</span>",0.667,"C block first","orange","<span style=""     color: #85D4E3 !important;"" >Opera</span>",22,"Male",TRUE,17
"curvy-3685","<span style=""     color: #9C964A !important;"" >29</span>","<span style=""     color: #9C964A !important;"" >0.598</span>","<span style=""     color: #9C964A !important;"" >0.598</span>","<span style=""     color: #9C964A !important;"" >0.9</span>","<span style=""     color: #9C964A !important;"" >1</span>","<span style=""     color: #9C964A !important;"" >1</span>","<span style=""     color: #9C964A !important;"" >1.827</span>",0.469,"IC block first","blue","<span style=""     color: #9C964A !important;"" >Chrome</span>",25,"Male",TRUE,16
"crib-bc2ed","<span style=""     color: #9C964A !important;"" >24</span>","<span style=""     color: #9C964A !important;"" >1.465</span>","<span style=""     color: #9C964A !important;"" >1.465</span>","<span style=""     color: #9C964A !important;"" >0.9</span>","<span style=""     color: #9C964A !important;"" >1</span>","<span style=""     color: #9C964A !important;"" >1</span>","<span style=""     color: #9C964A !important;"" >3.997</span>",0.542,"IC block first","orange","<span style=""     color: #9C964A !important;"" >Firefox</span>",22,"Male",TRUE,15
"chest-e023","<span style=""     color: #9C964A !important;"" >23</span>","<span style=""     color: #9C964A !important;"" >2.122</span>","<span style=""     color: #9C964A !important;"" >2.122</span>","<span style=""     color: #9C964A !important;"" >1</span>","<span style=""     color: #9C964A !important;"" >1</span>","<span style=""     color: #9C964A !important;"" >0.969</span>","<span style=""     color: #9C964A !important;"" >1.48</span>",0.583,"IC block first","blue","<span style=""     color: #85D4E3 !important;"" >Opera</span>",20,"Female",TRUE,14
"voice-2d0b","<span style=""     color: #9C964A !important;"" >21</span>","<span style=""     color: #9C964A !important;"" >0.58</span>","<span style=""     color: #9C964A !important;"" >0.541</span>","<span style=""     color: #9C964A !important;"" >0.9</span>","<span style=""     color: #9C964A !important;"" >1</span>","<span style=""     color: #9C964A !important;"" >0.938</span>","<span style=""     color: #9C964A !important;"" >2.08</span>",0.51,"IC block first","blue","<span style=""     color: #9C964A !important;"" >Chrome</span>",23,"Female",TRUE,13
"lever-88a1","<span style=""     color: #9C964A !important;"" >20</span>","<span style=""     color: #9C964A !important;"" >0.905</span>","<span style=""     color: #9C964A !important;"" >0.46</span>","<span style=""     color: #9C964A !important;"" >1</span>","<span style=""     color: #9C964A !important;"" >1</span>","<span style=""     color: #9C964A !important;"" >1</span>","<span style=""     color: #9C964A !important;"" >2.101</span>",0.594,"C block first","blue","<span style=""     color: #9C964A !important;"" >Chrome</span>",30,"Male",TRUE,12
"frill-0bd6","<span style=""     color: #9C964A !important;"" >24</span>","<span style=""     color: #9C964A !important;"" >1.625</span>","<span style=""     color: #9C964A !important;"" >0.877</span>","<span style=""     color: #9C964A !important;"" >0.8</span>","<span style=""     color: #9C964A !important;"" >1</span>","<span style=""     color: #9C964A !important;"" >0.969</span>","<span style=""     color: #9C964A !important;"" >2.18</span>",0.552,"IC block first","blue","<span style=""     color: #9C964A !important;"" >Firefox</span>",22,"Female",TRUE,11
"joy-27853e","<span style=""     color: #9C964A !important;"" >25</span>","<span style=""     color: #9C964A !important;"" >4.006</span>","<span style=""     color: #9C964A !important;"" >1.75</span>","<span style=""     color: #9C964A !important;"" >1</span>","<span style=""     color: #9C964A !important;"" >1</span>","<span style=""     color: #9C964A !important;"" >0.969</span>","<span style=""     color: #9C964A !important;"" >2.11</span>",0.635,"IC block first","blue","<span style=""     color: #9C964A !important;"" >Chrome</span>",24,"Male",TRUE,10
"grit-3bca9","<span style=""     color: #9C964A !important;"" >26</span>","<span style=""     color: #9C964A !important;"" >0.954</span>","<span style=""     color: #9C964A !important;"" >0.195</span>","<span style=""     color: #9C964A !important;"" >0.8</span>","<span style=""     color: #9C964A !important;"" >1</span>","<span style=""     color: #9C964A !important;"" >1</span>","<span style=""     color: #972D15 !important;"" >4.254</span>",0.792,"C block first","blue","<span style=""     color: #9C964A !important;"" >Chrome</span>",33,"Female",FALSE,9
"boned-f011","<span style=""     color: #9C964A !important;"" >21</span>","<span style=""     color: #9C964A !important;"" >0.705</span>","<span style=""     color: #9C964A !important;"" >0.143</span>","<span style=""     color: #9C964A !important;"" >0.8</span>","<span style=""     color: #9C964A !important;"" >0.9</span>","<span style=""     color: #9C964A !important;"" >0.969</span>","<span style=""     color: #9C964A !important;"" >2.47</span>",0.438,"IC block first","orange","<span style=""     color: #9C964A !important;"" >Chrome</span>",45,"Male",TRUE,8
"cone-77f55","<span style=""     color: #85D4E3 !important;"" >39</span>","<span style=""     color: #9C964A !important;"" >1.476</span>","<span style=""     color: #9C964A !important;"" >0.582</span>","<span style=""     color: #9C964A !important;"" >0.8</span>","<span style=""     color: #9C964A !important;"" >1</span>","<span style=""     color: #9C964A !important;"" >0.875</span>","<span style=""     color: #9C964A !important;"" >3.464</span>",0.604,"C block first","orange","<span style=""     color: #9C964A !important;"" >Chrome</span>",25,"Female",TRUE,7
"upon-492b6","<span style=""     color: #9C964A !important;"" >28</span>","<span style=""     color: #85D4E3 !important;"" >5.289</span>","<span style=""     color: #85D4E3 !important;"" >5.289</span>","<span style=""     color: #85D4E3 !important;"" >0.5</span>","<span style=""     color: #9C964A !important;"" >0.8</span>","<span style=""     color: #9C964A !important;"" >0.906</span>","<span style=""     color: #9C964A !important;"" >1.55</span>",0.854,"IC block first","orange","<span style=""     color: #9C964A !important;"" >Chrome</span>",22,"Female",TRUE,6
"mango-83f7","<span style=""     color: #9C964A !important;"" >25</span>","<span style=""     color: #9C964A !important;"" >1.987</span>","<span style=""     color: #9C964A !important;"" >1.987</span>","<span style=""     color: #9C964A !important;"" >0.9</span>","<span style=""     color: #9C964A !important;"" >0.9</span>","<span style=""     color: #9C964A !important;"" >1</span>","<span style=""     color: #9C964A !important;"" >1.751</span>",0.5,"IC block first","blue","<span style=""     color: #9C964A !important;"" >Chrome</span>",21,"Male",TRUE,5
"untie-2206","<span style=""     color: #85D4E3 !important;"" >44</span>","<span style=""     color: #9C964A !important;"" >0.931</span>","<span style=""     color: #9C964A !important;"" >0.931</span>","<span style=""     color: #9C964A !important;"" >1</span>","<span style=""     color: #9C964A !important;"" >1</span>","<span style=""     color: #9C964A !important;"" >0.938</span>","<span style=""     color: #9C964A !important;"" >2.505</span>",0.615,"C block first","blue","<span style=""     color: #9C964A !important;"" >Chrome</span>",32,"Female",TRUE,4
"shack-2b8c","<span style=""     color: #9C964A !important;"" >25</span>","<span style=""     color: #9C964A !important;"" >1.13</span>","<span style=""     color: #9C964A !important;"" >0.474</span>","<span style=""     color: #9C964A !important;"" >0.6</span>","<span style=""     color: #9C964A !important;"" >0.7</span>","<span style=""     color: #9C964A !important;"" >0.844</span>","<span style=""     color: #9C964A !important;"" >3.11</span>",0.594,"IC block first","orange","<span style=""     color: #9C964A !important;"" >Chrome</span>",21,"Female",TRUE,3
"wrist-ea0e","<span style=""     color: #9C964A !important;"" >28</span>","<span style=""     color: #9C964A !important;"" >1.993</span>","<span style=""     color: #9C964A !important;"" >1.993</span>","<span style=""     color: #9C964A !important;"" >0.8</span>","<span style=""     color: #9C964A !important;"" >1</span>","<span style=""     color: #9C964A !important;"" >0.969</span>","<span style=""     color: #9C964A !important;"" >1.818</span>",0.448,"IC block first","orange","<span style=""     color: #85D4E3 !important;"" >Opera</span>",23,"Male",TRUE,2
"sepia-cc69","<span style=""     color: #9C964A !important;"" >24</span>","<span style=""     color: #9C964A !important;"" >0.83</span>","<span style=""     color: #9C964A !important;"" >0.168</span>","<span style=""     color: #9C964A !important;"" >1</span>","<span style=""     color: #9C964A !important;"" >1</span>","<span style=""     color: #9C964A !important;"" >0.969</span>","<span style=""     color: #9C964A !important;"" >2.137</span>",0.49,"C block first","orange","<span style=""     color: #9C964A !important;"" >Chrome</span>",23,"Female",TRUE,1
